{
  "sonnet_01": {
    "effect": 0.010769230769230698,
    "high": 0.42999999999999994,
    "low": 0.41923076923076924,
    "solved": 0,
    "encountered": [
      "1",
      "0",
      "2",
      "3",
      "4"
    ]
  },
  "sonnet_02": {
    "effect": 0.0011140583554376526,
    "high": 0.4203448275862069,
    "low": 0.41923076923076924,
    "solved": 1,
    "encountered": [
      "1",
      "0",
      "2",
      "5",
      "3",
      "4"
    ]
  },
  "sonnet_03": {
    "effect": 0.03379310344827585,
    "high": 0.46379310344827585,
    "low": 0.43,
    "solved": 1,
    "encountered": [
      "1",
      "0",
      "2",
      "5",
      "6",
      "4"
    ]
  },
  "sonnet_04": {
    "effect": 0.01708222811671084,
    "high": 0.4686206896551724,
    "low": 0.45153846153846156,
    "solved": 0,
    "encountered": [
      "1",
      "0",
      "2",
      "5",
      "3",
      "6"
    ]
  },
  "sonnet_05": {
    "effect": 0.03379310344827585,
    "high": 0.46379310344827585,
    "low": 0.43,
    "solved": 1,
    "encountered": [
      "1",
      "0",
      "2",
      "5",
      "3",
      "6",
      "4"
    ]
  },
  "sonnet_06": {
    "effect": 0.006312997347480087,
    "high": 0.4686206896551724,
    "low": 0.4623076923076923,
    "solved": 0,
    "encountered": [
      "1",
      "0",
      "2",
      "5",
      "6",
      "4"
    ]
  },
  "sonnet_07": {
    "effect": 0.028965517241379246,
    "high": 0.45896551724137924,
    "low": 0.43,
    "solved": 0,
    "encountered": [
      "1",
      "0",
      "2",
      "5",
      "3",
      "6"
    ]
  },
  "sonnet_08": {
    "effect": 0.01225464190981429,
    "high": 0.46379310344827585,
    "low": 0.45153846153846156,
    "solved": 0,
    "encountered": [
      "1",
      "0",
      "2",
      "5",
      "6"
    ]
  },
  "sonnet_09": {
    "effect": -0.004456233421750666,
    "high": 0.4686206896551724,
    "low": 0.47307692307692306,
    "solved": 0,
    "encountered": [
      "1",
      "0",
      "2",
      "3",
      "6",
      "4"
    ]
  },
  "sonnet_10": {
    "effect": -0.004456233421750666,
    "high": 0.4686206896551724,
    "low": 0.47307692307692306,
    "solved": 0,
    "encountered": [
      "1",
      "0",
      "2",
      "3",
      "6",
      "4"
    ]
  },
  "qwen_01": {
    "effect": 0.01185676392572943,
    "high": 0.6572413793103448,
    "low": 0.6453846153846153,
    "solved": 0,
    "encountered": [
      "1",
      "0",
      "2",
      "3",
      "6",
      "4"
    ]
  },
  "qwen_02": {
    "effect": 0.018567639257294433,
    "high": 0.6424137931034483,
    "low": 0.6238461538461538,
    "solved": 0,
    "encountered": [
      "1",
      "0",
      "2",
      "5",
      "3",
      "6",
      "4"
    ]
  },
  "qwen_03": {
    "effect": -0.017877984084880616,
    "high": 0.6282758620689655,
    "low": 0.6461538461538461,
    "solved": 0,
    "encountered": [
      "1",
      "0",
      "2",
      "3",
      "6"
    ]
  },
  "qwen_04": {
    "effect": -0.0001061007957560145,
    "high": 0.6675862068965517,
    "low": 0.6676923076923077,
    "solved": 0,
    "encountered": [
      "1",
      "0",
      "2",
      "3",
      "6"
    ]
  },
  "qwen_05": {
    "effect": 0.004084880636604726,
    "high": 0.6279310344827586,
    "low": 0.6238461538461538,
    "solved": 0,
    "encountered": [
      "1",
      "0",
      "2",
      "5",
      "3",
      "6"
    ]
  },
  "qwen_06": {
    "effect": 0.0010875331564986768,
    "high": 0.6572413793103448,
    "low": 0.6561538461538461,
    "solved": 0,
    "encountered": [
      "1",
      "0",
      "2",
      "3",
      "6",
      "4"
    ]
  },
  "qwen_07": {
    "effect": 0.004721485411140591,
    "high": 0.6724137931034483,
    "low": 0.6676923076923077,
    "solved": 0,
    "encountered": [
      "1",
      "0",
      "2",
      "5",
      "3",
      "6",
      "4"
    ]
  },
  "qwen_08": {
    "effect": 0.03710875331564989,
    "high": 0.6717241379310345,
    "low": 0.6346153846153846,
    "solved": 0,
    "encountered": [
      "1",
      "0",
      "2",
      "5",
      "3",
      "6",
      "4"
    ]
  },
  "qwen_09": {
    "effect": 0.0374535809018568,
    "high": 0.6720689655172414,
    "low": 0.6346153846153846,
    "solved": 0,
    "encountered": [
      "1",
      "0",
      "2",
      "5",
      "3",
      "6",
      "4"
    ]
  },
  "qwen_10": {
    "effect": 0.013687002652519875,
    "high": 0.6913793103448275,
    "low": 0.6776923076923076,
    "solved": 0,
    "encountered": [
      "1",
      "0",
      "2",
      "5",
      "3",
      "6",
      "4"
    ]
  },
  "mistral_01": {
    "effect": 0.1268169761273209,
    "high": 0.46758620689655167,
    "low": 0.34076923076923077,
    "solved": 0,
    "encountered": [
      "1",
      "0",
      "2",
      "5",
      "3",
      "6"
    ]
  },
  "mistral_02": {
    "effect": 0.07045092838196282,
    "high": 0.43275862068965515,
    "low": 0.36230769230769233,
    "solved": 0,
    "encountered": [
      "1",
      "0",
      "2",
      "3",
      "6"
    ]
  },
  "mistral_03": {
    "effect": 0.020503978779840892,
    "high": 0.43896551724137933,
    "low": 0.41846153846153844,
    "solved": 0,
    "encountered": [
      "1",
      "0",
      "2",
      "5",
      "3",
      "6"
    ]
  },
  "mistral_04": {
    "effect": 0.02710875331564988,
    "high": 0.5217241379310344,
    "low": 0.49461538461538457,
    "solved": 0,
    "encountered": [
      "1",
      "0",
      "2",
      "5",
      "3",
      "6"
    ]
  },
  "mistral_05": {
    "effect": 0.034933687002652536,
    "high": 0.49724137931034484,
    "low": 0.4623076923076923,
    "solved": 0,
    "encountered": [
      "1",
      "0",
      "2",
      "3",
      "6",
      "4"
    ]
  },
  "mistral_06": {
    "effect": -0.05830238726790454,
    "high": 0.4686206896551724,
    "low": 0.5269230769230769,
    "solved": 0,
    "encountered": [
      "1",
      "0",
      "5",
      "3",
      "6"
    ]
  },
  "mistral_07": {
    "effect": -0.009973474801060978,
    "high": 0.47310344827586204,
    "low": 0.483076923076923,
    "solved": 0,
    "encountered": [
      "1",
      "0",
      "2",
      "5",
      "3"
    ]
  },
  "mistral_08": {
    "effect": 0.040159151193633946,
    "high": 0.4586206896551724,
    "low": 0.41846153846153844,
    "solved": 0,
    "encountered": [
      "1",
      "0",
      "2",
      "5",
      "3",
      "6"
    ]
  },
  "mistral_09": {
    "effect": 0.04864721485411139,
    "high": 0.5217241379310344,
    "low": 0.47307692307692306,
    "solved": 0,
    "encountered": [
      "1",
      "0",
      "2",
      "5",
      "3",
      "6"
    ]
  },
  "mistral_10": {
    "effect": -0.010397877984084869,
    "high": 0.473448275862069,
    "low": 0.48384615384615387,
    "solved": 0,
    "encountered": [
      "1",
      "0",
      "2",
      "5",
      "3",
      "6"
    ]
  }
}