{
  "standard": {
    "sonnet_01": {
      "effect": -0.006684350132625971,
      "high": 0.4879310344827586,
      "low": 0.49461538461538457,
      "n_high": 29,
      "n_low": 13
    },
    "sonnet_02": {
      "effect": 0.013368700265251998,
      "high": 0.45413793103448274,
      "low": 0.44076923076923075,
      "n_high": 29,
      "n_low": 13
    },
    "sonnet_03": {
      "effect": 0.026419098143236064,
      "high": 0.4610344827586207,
      "low": 0.4346153846153846,
      "n_high": 29,
      "n_low": 13
    },
    "sonnet_04": {
      "effect": -0.004456233421750666,
      "high": 0.4686206896551724,
      "low": 0.47307692307692306,
      "n_high": 29,
      "n_low": 13
    },
    "sonnet_05": {
      "effect": -0.004456233421750666,
      "high": 0.4686206896551724,
      "low": 0.47307692307692306,
      "n_high": 29,
      "n_low": 13
    },
    "sonnet_06": {
      "effect": 0.007055702917771911,
      "high": 0.48551724137931035,
      "low": 0.47846153846153844,
      "n_high": 29,
      "n_low": 13
    },
    "sonnet_07": {
      "effect": -0.027665782493368707,
      "high": 0.48310344827586205,
      "low": 0.5107692307692308,
      "n_high": 29,
      "n_low": 13
    },
    "sonnet_08": {
      "effect": -0.022281167108753386,
      "high": 0.48310344827586205,
      "low": 0.5053846153846154,
      "n_high": 29,
      "n_low": 13
    },
    "sonnet_09": {
      "effect": -0.10437665782493372,
      "high": 0.4779310344827586,
      "low": 0.5823076923076923,
      "n_high": 29,
      "n_low": 13
    },
    "sonnet_10": {
      "effect": -0.006684350132625971,
      "high": 0.4879310344827586,
      "low": 0.49461538461538457,
      "n_high": 29,
      "n_low": 13
    },
    "qwen_01": {
      "effect": -0.017904509283819703,
      "high": 0.7151724137931034,
      "low": 0.7330769230769231,
      "n_high": 29,
      "n_low": 13
    },
    "qwen_02": {
      "effect": 0.05074270557029181,
      "high": 0.7068965517241379,
      "low": 0.6561538461538461,
      "n_high": 29,
      "n_low": 13
    },
    "qwen_03": {
      "effect": 0.0007427055702917684,
      "high": 0.6568965517241379,
      "low": 0.6561538461538461,
      "n_high": 29,
      "n_low": 13
    },
    "qwen_04": {
      "effect": -0.023023872679045043,
      "high": 0.6762068965517242,
      "low": 0.6992307692307692,
      "n_high": 29,
      "n_low": 13
    },
    "qwen_05": {
      "effect": -0.029814323607426974,
      "high": 0.6717241379310345,
      "low": 0.7015384615384614,
      "n_high": 29,
      "n_low": 13
    },
    "qwen_06": {
      "effect": -0.02604774535809029,
      "high": 0.6524137931034482,
      "low": 0.6784615384615384,
      "n_high": 29,
      "n_low": 13
    },
    "qwen_07": {
      "effect": -0.04647214854111403,
      "high": 0.6427586206896552,
      "low": 0.6892307692307692,
      "n_high": 29,
      "n_low": 13
    },
    "qwen_08": {
      "effect": -0.046259946949602115,
      "high": 0.6775862068965517,
      "low": 0.7238461538461538,
      "n_high": 29,
      "n_low": 13
    },
    "qwen_09": {
      "effect": 0.010954907161803695,
      "high": 0.7217241379310345,
      "low": 0.7107692307692308,
      "n_high": 29,
      "n_low": 13
    },
    "qwen_10": {
      "effect": -0.004137931034482678,
      "high": 0.6958620689655173,
      "low": 0.7,
      "n_high": 29,
      "n_low": 13
    },
    "mistral_01": {
      "effect": -0.021167108753315622,
      "high": 0.47344827586206895,
      "low": 0.49461538461538457,
      "n_high": 29,
      "n_low": 13
    },
    "mistral_02": {
      "effect": 0.04159151193633959,
      "high": 0.5362068965517242,
      "low": 0.49461538461538457,
      "n_high": 29,
      "n_low": 13
    },
    "mistral_03": {
      "effect": 0.04421750663129975,
      "high": 0.613448275862069,
      "low": 0.5692307692307692,
      "n_high": 29,
      "n_low": 13
    },
    "mistral_04": {
      "effect": 0.0490981432360742,
      "high": 0.5644827586206895,
      "low": 0.5153846153846153,
      "n_high": 29,
      "n_low": 13
    },
    "mistral_05": {
      "effect": 0.019734748010610037,
      "high": 0.5889655172413792,
      "low": 0.5692307692307692,
      "n_high": 29,
      "n_low": 13
    },
    "mistral_06": {
      "effect": -0.04639257294429722,
      "high": 0.6420689655172412,
      "low": 0.6884615384615385,
      "n_high": 29,
      "n_low": 13
    },
    "mistral_07": {
      "effect": 0.03270557029177723,
      "high": 0.6565517241379311,
      "low": 0.6238461538461538,
      "n_high": 29,
      "n_low": 13
    },
    "mistral_08": {
      "effect": 0.0003978779840849711,
      "high": 0.6565517241379311,
      "low": 0.6561538461538461,
      "n_high": 29,
      "n_low": 13
    },
    "mistral_09": {
      "effect": -0.012360742705570305,
      "high": 0.5337931034482758,
      "low": 0.5461538461538461,
      "n_high": 29,
      "n_low": 13
    },
    "mistral_10": {
      "effect": -0.015676392572944287,
      "high": 0.7058620689655172,
      "low": 0.7215384615384615,
      "n_high": 29,
      "n_low": 13
    }
  },
  "walk": {
    "sonnet_01": {
      "effect": -0.006684350132625971,
      "high": 0.4879310344827586,
      "low": 0.49461538461538457,
      "n_high": 29,
      "n_low": 13
    },
    "sonnet_02": {
      "effect": -0.002228116710875361,
      "high": 0.4493103448275862,
      "low": 0.45153846153846156,
      "n_high": 29,
      "n_low": 13
    },
    "sonnet_03": {
      "effect": 0.028063660477453622,
      "high": 0.473448275862069,
      "low": 0.4453846153846154,
      "n_high": 29,
      "n_low": 13
    },
    "sonnet_04": {
      "effect": -0.004456233421750666,
      "high": 0.4686206896551724,
      "low": 0.47307692307692306,
      "n_high": 29,
      "n_low": 13
    },
    "sonnet_05": {
      "effect": -0.004456233421750666,
      "high": 0.4686206896551724,
      "low": 0.47307692307692306,
      "n_high": 29,
      "n_low": 13
    },
    "sonnet_06": {
      "effect": -0.025225464190981484,
      "high": 0.4586206896551724,
      "low": 0.48384615384615387,
      "n_high": 29,
      "n_low": 13
    },
    "sonnet_07": {
      "effect": -0.003713527851458842,
      "high": 0.48551724137931035,
      "low": 0.4892307692307692,
      "n_high": 29,
      "n_low": 13
    },
    "sonnet_08": {
      "effect": -0.03249336870026526,
      "high": 0.4782758620689655,
      "low": 0.5107692307692308,
      "n_high": 29,
      "n_low": 13
    },
    "sonnet_09": {
      "effect": 0.020769230769230762,
      "high": 0.51,
      "low": 0.48923076923076925,
      "n_high": 29,
      "n_low": 13
    },
    "sonnet_10": {
      "effect": 0.004084880636604726,
      "high": 0.4879310344827586,
      "low": 0.48384615384615387,
      "n_high": 29,
      "n_low": 13
    },
    "qwen_01": {
      "effect": -0.0007692307692308553,
      "high": 0.71,
      "low": 0.7107692307692308,
      "n_high": 29,
      "n_low": 13
    },
    "qwen_02": {
      "effect": 0.00206896551724145,
      "high": 0.7020689655172414,
      "low": 0.7,
      "n_high": 29,
      "n_low": 13
    },
    "qwen_03": {
      "effect": -0.05753315649867374,
      "high": 0.5986206896551723,
      "low": 0.6561538461538461,
      "n_high": 29,
      "n_low": 13
    },
    "qwen_04": {
      "effect": -0.03973474801061028,
      "high": 0.6710344827586205,
      "low": 0.7107692307692308,
      "n_high": 29,
      "n_low": 13
    },
    "qwen_05": {
      "effect": 0.002493368700265286,
      "high": 0.6917241379310345,
      "low": 0.6892307692307692,
      "n_high": 29,
      "n_low": 13
    },
    "qwen_06": {
      "effect": -0.004854111405835582,
      "high": 0.6620689655172414,
      "low": 0.666923076923077,
      "n_high": 29,
      "n_low": 13
    },
    "qwen_07": {
      "effect": 0.012572944297082222,
      "high": 0.6910344827586207,
      "low": 0.6784615384615384,
      "n_high": 29,
      "n_low": 13
    },
    "qwen_08": {
      "effect": -0.06668435013262608,