{
  "maze": {
    "full": {
      "effect": 0.0,
      "high": 0.75,
      "low": 0.75,
      "n_high": 18,
      "n_low": 10
    },
    "glance": {
      "effect": 0.0,
      "high": 0.0,
      "low": 0.0,
      "n_high": 18,
      "n_low": 10
    },
    "token_budget": {
      "effect": 0.12,
      "high": 0.35,
      "low": 0.22999999999999998,
      "n_high": 18,
      "n_low": 10
    },
    "partial_reveal": {
      "effect": 0.008888888888888835,
      "high": 0.5388888888888889,
      "low": 0.53,
      "n_high": 18,
      "n_low": 10
    }
  },
  "twostep": {
    "baseline": {
      "cr": 1.0,
      "cn": 0.75,
      "rr": 1.0,
      "rn": 0.75,
      "mb": 0.0,
      "reward": 0.6
    },
    "omit_feedback": {
      "cr": 1.0,
      "cn": 0.6,
      "rr": 0.6666666666666666,
      "rn": 0.5,
      "mb": 0.2333333333333334,
      "reward": 0.6
    },
    "noisy_feedback": {
      "cr": 1.0,
      "cn": 0.9,
      "rr": 1.0,
      "rn": 0.5,
      "mb": -0.4,
      "reward": 0.6
    },
    "ultra_short_ctx": {
      "cr": 1.0,
      "cn": 0.16666666666666666,
      "rr": 1.0,
      "rn": 0.7142857142857143,
      "mb": 0.5476190476190477,
      "reward": 0.5666666666666667
    }
  }
}