{
  "wcst": {
    "emma": {
      "perseverative_errors": 9,
      "total_errors": 18,
      "categories_completed": 4,
      "accuracy": 0.71875
    },
    "james": {
      "perseverative_errors": 7,
      "total_errors": 9,
      "categories_completed": 5,
      "accuracy": 0.859375
    },
    "dorothy": {
      "perseverative_errors": 5,
      "total_errors": 11,
      "categories_completed": 4,
      "accuracy": 0.828125
    },
    "tyler": {
      "perseverative_errors": 7,
      "total_errors": 17,
      "categories_completed": 4,
      "accuracy": 0.734375
    },
    "priya": {
      "perseverative_errors": 7,
      "total_errors": 8,
      "categories_completed": 5,
      "accuracy": 0.875
    }
  },
  "two_step": {
    "emma": {
      "model_based_index": 0.17647058823529416,
      "stay_cr": 1.0,
      "stay_cn": 0.8235294117647058,
      "stay_rr": 1.0,
      "stay_rn": 1.0,
      "reward_rate": 0.6375
    },
    "james": {
      "model_based_index": -0.02941176470588236,
      "stay_cr": 0.9705882352941176,
      "stay_cn": 1.0,
      "stay_rr": 1.0,
      "stay_rn": 1.0,
      "reward_rate": 0.625
    },
    "dorothy": {
      "model_based_index": 0.01764705882352946,
      "stay_cr": 1.0,
      "stay_cn": 0.8823529411764706,
      "stay_rr": 1.0,
      "stay_rn": 0.9,
      "reward_rate": 0.6625
    },
    "tyler": {
      "mb_index": -0.006493506493506551,
      "stay_cr": 1.0,
      "stay_cn": 0.8636363636363636,
      "stay_rr": 1.0,
      "stay_rn": 0.8571428571428571,
      "reward_rate": 0.5375
    },
    "priya": {
      "mb_index": 0.08333333333333337,
      "stay_cr": 1.0,
      "stay_cn": 0.9166666666666666,
      "stay_rr": 1.0,
      "stay_rn": 1.0,
      "reward_rate": 0.625
    }
  },
  "maze": {
    "emma": {
      "construal_effect": 0.06870026525198941,
      "mean_high": 0.4379310344827586,
      "mean_low": 0.3692307692307692,
      "n_high": 29,
      "n_low": 13
    },
    "james": {
      "construal_effect": -0.052519893899204306,
      "mean_high": 0.8551724137931035,
      "mean_low": 0.9076923076923078,
      "n_high": 29,
      "n_low": 13
    },
    "dorothy": {
      "construal_effect": -0.09734748010610084,
      "mean_high": 0.5103448275862069,
      "mean_low": 0.6076923076923078,
      "n_high": 29,
      "n_low": 13
    },
    "tyler": {
      "construal_effect": 0.05437665782493367,
      "mean_high": 0.3620689655172414,
      "mean_low": 0.3076923076923077,
      "n_high": 29,
      "n_low": 13
    },
    "priya": {
      "construal_effect": -0.08408488063660469,
      "mean_high": 0.7620689655172415,
      "mean_low": 0.8461538461538461,
      "n_high": 29,
      "n_low": 13
    }
  }
}