{
  "mental_walk": {
    "effect": 0.5703703703703704,
    "high": 0.7703703703703704,
    "low": 0.2,
    "n_high": 54,
    "n_low": 30
  },
  "planning_recall": {
    "effect": 0.00888888888888889,
    "high": 0.3888888888888889,
    "low": 0.38,
    "n_high": 54,
    "n_low": 30
  },
  "baseline_12maze": {
    "effect": -0.009740740740740716,
    "high": 0.4375925925925926,
    "low": 0.4473333333333333,
    "n_high": 54,
    "n_low": 30
  },
  "opus_vision_low": {
    "effect": 0.021851851851851845,
    "high": 0.3351851851851852,
    "low": 0.31333333333333335,
    "n_high": 54,
    "n_low": 30
  },
  "opus_vision_med": {
    "effect": 0.010370370370370363,
    "high": 0.40370370370370373,
    "low": 0.39333333333333337,
    "n_high": 54,
    "n_low": 30
  },
  "opus_vision_high": {
    "effect": 0.028518518518518554,
    "high": 0.3851851851851852,
    "low": 0.35666666666666663,
    "n_high": 54,
    "n_low": 30
  }
}