{
  "baseline": {
    "effect": 0.020159151193633984,
    "high": 0.45862068965517244,
    "low": 0.43846153846153846,
    "n_high": 29,
    "n_low": 13
  },
  "A_sequential_scan": {
    "effect": 0.0557029177718833,
    "high": 0.41724137931034483,
    "low": 0.36153846153846153,
    "n_high": 29,
    "n_low": 13
  },
  "B_flashlight": {
    "effect": 0.1370026525198939,
    "high": 0.4293103448275862,
    "low": 0.29230769230769227,
    "n_high": 29,
    "n_low": 13
  },
  "C_gaze_guided": {
    "effect": 0.1339522546419098,
    "high": 0.4724137931034483,
    "low": 0.3384615384615385,
    "n_high": 29,
    "n_low": 13
  },
  "D_memory_wipe": {
    "effect": 0.01936339522546421,
    "high": 0.2655172413793104,
    "low": 0.24615384615384617,
    "n_high": 29,
    "n_low": 13
  },
  "E_competing_task": {
    "effect": -0.16061007957559686,
    "high": 0.30862068965517236,
    "low": 0.46923076923076923,
    "n_high": 29,
    "n_low": 13
  }
}