{
  "n_trials": 13342,
  "n_participants": 161,
  "n_mazes": 44,
  "mean_awareness": 0.4954386791442705,
  "high_construal_awareness": 0.7868652095088712,
  "low_construal_awareness": 0.17251653386903817,
  "construal_effect": 0.614348675639833,
  "paper_beta": 0.133,
  "paper_chi2": 2297.21,
  "per_maze_awareness": {
    "grid-0-0-base": 0.5102040816326531,
    "grid-0-0-hflip": 0.5215419501133787,
    "grid-0-0-rot180": 0.5293367346938775,
    "grid-0-0-vflip": 0.5408163265306123,
    "grid-1-0-base": 0.49416909620991256,
    "grid-1-0-hflip": 0.4281632653061225,
    "grid-1-0-rot180": 0.44405348346235046,
    "grid-1-0-vflip": 0.4334049409237379,
    "grid-10-0-base": 0.4399092970521542,
    "grid-10-0-hflip": 0.4789915966386555,
    "grid-10-0-rot180": 0.4925170068027211,
    "grid-10-0-vflip": 0.4849939975990396,
    "grid-11-0-base": 0.5042964554242749,
    "grid-11-0-hflip": 0.5850340136054422,
    "grid-11-0-rot180": 0.5140913508260447,
    "grid-11-0-vflip": 0.4868804664723032,
    "grid-2-0-base": 0.5435992578849721,
    "grid-2-0-hflip": 0.5393108062897289,
    "grid-2-0-rot180": 0.5352769679300291,
    "grid-2-0-vflip": 0.5839002267573696,
    "grid-3-0-base": 0.5449531163816878,
    "grid-3-0-hflip": 0.5148924434638721,
    "grid-3-0-rot180": 0.5056689342403629,
    "grid-3-0-vflip": 0.52990851513019,
    "grid-4-0-base": 0.6352445740200842,
    "grid-4-0-hflip": 0.5831231368952076,
    "grid-4-0-vflip": 0.5685131195335277,
    "grid-5-0-base": 0.5131195335276968,
    "grid-5-0-rot180": 0.5178571428571429,
    "grid-5-0-vflip": 0.577295918367347,
    "grid-6-0-base": 0.48861852433281006,
    "grid-6-0-rot180": 0.43823845327604727,
    "grid-6-0-vflip": 0.47471162377994675,
    "grid-7-0-base": 0.38010204081632654,
    "grid-7-0-hflip": 0.3966282165039929,
    "grid-7-0-rot180": 0.42705971277399846,
    "grid-7-0-vflip": 0.3745173745173745,
    "grid-8-0-base": 0.41695988740323714,
    "grid-8-0-hflip": 0.4215561224489796,
    "grid-8-0-rot180": 0.46938775510204084,
    "grid-8-0-vflip": 0.342201166180758,
    "grid-9-0-base": 0.4758324382384533,
    "grid-9-0-hflip": 0.5350488021295474,
    "grid-9-0-rot180": 0.5084485407066052
  }
}